member_index,post_index
44,1
30,1
36,1
31,1
11,2
14,2
9,2
1,3
5,3
42,3
21,3
32,4
28,4
7,4
36,4
9,4
5,4
43,5
17,5
16,5
11,6
3,6
29,6
43,6
10,6
13,7
45,7
25,7
44,7
7,7
4,8
9,8
47,8
45,9
43,9
33,9
18,9
28,9
43,10
2,10
42,10
13,10
36,10
50,10
10,11
11,11
30,11
24,11
4,11
34,11
19,11
17,12
9,12
27,12
4,12
36,13
46,13
29,13
24,14
27,14
30,14
48,14
7,14
31,15
29,15
12,15
25,16
16,16
45,16
36,16
50,17
36,17
31,17
5,17
2,18
18,18
29,18
48,18
39,18
35,19
24,19
49,19
17,19
41,20
35,20
22,20
2,20
5,20
8,20
42,20
24,21
44,21
45,21
9,21
47,21
34,21
35,21
12,22
49,22
35,22
32,22
39,22
13,23
10,23
43,23
31,23
28,24
35,24
1,24
46,24
41,24
39,24
34,24
47,25
46,25
19,25
39,25
8,26
49,26
45,26
35,26
12,27
42,27
31,27
47,27
34,27
40,27
8,27
1,28
6,28
2,28
23,28
49,29
3,29
41,29
12,29
23,29
10,29
45,30
5,30
35,30
22,30
40,30
1,30
11,31
36,31
23,31
43,31
49,31
19,32
46,32
36,32
41,32
50,32
21,32
1,33
21,33
13,33
24,33
22,33
39,34
20,34
49,34
25,34
48,34
50,34
15,35
27,35
35,35
45,35
50,36
44,36
47,36
35,36
8,36
3,36
42,36
20,37
10,37
15,37
44,37
9,37
20,38
37,38
16,38
11,38
19,38
18,39
35,39
24,39
31,39
23,39
15,39
6,39
13,40
9,40
3,40
25,40
48,40
17,40
24,40
45,41
47,41
19,41
20,41
45,42
47,42
37,42
49,42
17,43
26,43
27,43
19,43
37,43
49,44
40,44
29,44
48,44
42,44
39,45
37,45
15,45
36,45
9,46
19,46
17,46
29,46
37,47
15,47
4,47
14,47
24,47
2,47
14,48
49,48
1,48
18,48
1,49
10,49
29,49
3,49
49,49
37,49
20,50
19,50
17,50
